call,rank,name,isin,symbol,ff_usd,member
ADD,493,TECAN GROUP AG REG,CH0012100191,TECN.SW,3.642,False
ADD,545,AZELIS GROUP NV,BE0974400328,AZE.BR,3.088,False
ADD,550,BRAVIDA HOLDING AB,SE0007491303,BRAV.ST,3.057,False
watch: add,557,BACHEM HOLDING AG,CH1176493729,BANB.SW,3.001,False
watch: add,560,KELLER GROUP PLC,GB0004866223,KLR.L,2.983,False
watch: delete,561,ASSECO POLAND SA,PLSOFTB00016,,2.976,True
watch: delete,562,HUHTAMAKI,FI0009000459,HUH1V.HE,2.974,True
watch: delete,563,BECHTLE AG,DE0005158703,BC8.DE,2.973,True
watch: delete,564,RUBIS,FR0013269123,RUI.PA,2.968,True
watch: delete,565,VALIANT HOLDING AG,CH0014786500,VATN.SW,2.964,True
watch: delete,566,TP ICAP GROUP PLC,JE00BMDZN391,TCAP.L,2.958,True
watch: delete,567,HERA,IT0001250932,HER.MI,2.943,True
watch: delete,568,FASTIGHETS BALDER CLASS B,SE0017832488,BALD-B.ST,2.941,True
watch: delete,569,SOPRA STERIA GROUP SA,FR0000050809,SOP.PA,2.939,True
watch: delete,570,VONTOBEL HOLDING AG,CH0012335540,VONN.SW,2.913,True
watch: add,571,AMS OSRAM AG,AT0000A3EPA4,AMS.SW,2.891,False
watch: delete,572,PRIMARY HEALTH PROPERTIES REIT PLC,GB00BYRJ5J14,,2.884,True
watch: delete,573,SPAREBANKEN NORGE,NO0006000900,,2.842,True
watch: add,574,HARBOUR ENERGY PLC,GB00BMBVGQ36,HBR.L,2.835,False
watch: delete,575,LATOUR INVESTMENT CLASS B,SE0010100958,,2.822,True
watch: delete,576,QUILTER PLC,GB00BNHSJN34,QLT.L,2.812,True
watch: delete,577,PLUS500,IL0011284465,PLUS.L,2.803,True
watch: delete,578,FDJ UNITED,FR0013451333,FDJU.PA,2.786,True
watch: delete,579,TGS,NO0003078800,TGS.OL,2.752,True
watch: delete,580,VZ HOLDING AG,CH0528751586,,2.746,True
watch: delete,581,ALLFUNDS GROUP PLC,GB00BNTJ3546,ALLFG.AS,2.718,True
watch: add,582,GREGGS PLC,GB00B63QSB39,GRG.L,2.711,False
watch: add,583,TORM PLC A,GB00BZ3CNK81,TRMD-A.CO,2.704,False
watch: delete,584,ROYAL UNIBREW,DK0060634707,RBREW.CO,2.679,True
watch: delete,585,SWECO CLASS B,SE0014960373,SWEC-B.ST,2.671,True
watch: delete,586,BKW N AG,CH0130293662,BKW.SW,2.66,True
watch: delete,587,COVIVIO SA,FR0000064578,,2.655,True
watch: delete,588,AXFOOD,SE0006993770,AXFO.ST,2.651,True
watch: delete,589,BOLLORE,FR0000039299,,2.65,True
watch: delete,590,KION GROUP AG,DE000KGX8881,KGX.DE,2.649,True
watch: delete,591,HIAB OYJ,FI4000571013,HIAB.HE,2.646,True
watch: add,592,RENISHAW PLC,GB0007323586,RSW.L,2.643,False
watch: add,593,CLARIANT AG REG,CH0012142631,CLN.SW,2.637,False
watch: add,594,ASMODEE GROUP AB B,SE0023615638,ASMDEE-B.ST,2.631,False
watch: delete,595,SACYR,ES0182870214,SCYR.MC,2.626,True
watch: add,596,TATE + LYLE PLC,GB00BP92CJ43,TATE.L,2.623,False
watch: delete,597,K+S N AG,DE000KSAG888,SDF.DE,2.586,True
watch: delete,598,QINETIQ GROUP PLC,GB00B0WMWD03,QQ.L,2.576,True
watch: delete,599,PUIG BRANDS SA CLASS B,ES0105777017,,2.576,True
watch: delete,600,FLATEXDEGIRO N,DE000FTG1111,FTK.DE,2.573,True
watch: delete,603,XTB,PLXTRDM00011,,2.545,True
watch: delete,604,PUMA,DE0006969603,PUM.DE,2.537,True
watch: delete,606,SHAFTESBURY CAPITAL PLC,GB00B62G9D36,,2.526,True
watch: delete,607,ROCKWOOL CLASS B,DK0063855168,ROCK-B.CO,2.519,True
watch: delete,610,ZEALAND PHARMA,DK0060257814,ZEAL.CO,2.511,True
watch: delete,613,AUTO1 GROUP,DE000A2LQ884,AG1.DE,2.421,True
watch: delete,616,VERISURE PLC,GB00BVMN1558,VSURE.ST,2.394,True
watch: delete,620,TOMRA SYSTEMS,NO0012470089,TOM.OL,2.375,True
watch: delete,621,CSG CLASS A NV,NL0015073TS8,,2.345,True
watch: delete,625,DERWENT LONDON REIT PLC,GB0002652740,,2.28,True
watch: delete,631,HOLMEN CLASS B,SE0011090018,HOLM-B.ST,2.228,True
watch: delete,634,UNITE GROUP PLC,GB0006928617,,2.211,True
watch: delete,641,TAG IMMOBILIEN AG,DE0008303504,TEG.DE,2.135,True
watch: delete,651,PENNON GROUP PLC,GB00BNNTLN49,PNN.L,2.06,True
DELETE,658,BILFINGER,DE0005909006,GBF.DE,2.022,True
DELETE,662,HOCHSCHILD MINING PLC,GB00B1FW5029,HOC.L,1.995,True
DELETE,1019,INPOST SA,LU2290522684,,0.588,True
