,"SX5E, 3 slots","600, 3 slots","600, 3: w/o best","600, 3: before hold-out","600, 3: hold-out","600, 10 slots","600, 10: w/o best","600, 10: before hold-out","600, 10: hold-out"
Return %/yr,4.6,2.92,1.8,3.24,2.25,1.9,1.82,2.69,0.27
Vol %,3.25,2.8,2.32,3.06,2.17,2.87,2.62,3.08,2.38
Sharpe (xs €STR),0.54,0.04,-0.43,0.02,0.11,-0.3,-0.37,-0.16,-0.71
Max DD %,-3.24,-3.74,-4.71,-3.74,-2.26,-2.17,-1.87,-2.17,-1.87
Pair alpha net %/yr,1.072,-0.437,-1.502,-0.691,0.096,-1.595,-1.608,-1.36,-2.089
Pair alpha t,0.668,-0.278,-1.162,-0.33,0.046,-0.993,-1.106,-0.651,-0.881
Equity (idle) %/yr,0.678,0.553,0.516,0.745,0.149,0.721,0.645,0.88,0.389
Book beta total,0.107,-0.004,-0.001,-0.012,0.019,0.028,0.038,0.022,0.05
Turnover x/yr,8.78,7.15,5.08,7.11,7.23,11.07,11.02,11.19,10.81
