window,pair,sector,p,half_life,beta,size,formation_pass,live_share
2023-09-08,LEG.DE|VNA.DE,Real Estate Services|EUR,0.0028,8.8,1.03,-0.283,True,0.35
2023-09-08,HEN3.DE|OR.PA,Household & Personal Products|EUR,0.0045,16.7,0.67,0.299,True,0.22
2023-09-08,LGEN.L|STJ.L,Asset Management|GBp,0.0058,10.5,0.5,0.239,True,0.31
2023-12-06,LEG.DE|VNA.DE,Real Estate Services|EUR,0.0008,9.2,0.99,0.228,True,0.4
2023-12-06,FNTN.DE|ORA.PA,Telecom Services|EUR,0.0047,10.7,0.88,-0.289,True,0.33
2023-12-06,BEI.DE|OR.PA,Household & Personal Products|EUR,0.0224,25.6,0.94,0.294,True,0.37
2024-03-07,BEI.DE|OR.PA,Household & Personal Products|EUR,0.0014,10.6,1.01,0.341,True,0.3
2024-03-07,CRDA.L|JMAT.L,Specialty Chemicals|GBp,0.0017,14.8,1.2,-0.197,True,0.31
2024-03-07,SAB.MC|SAN.MC,Banks - Diversified|EUR,0.0071,16.1,1.32,0.282,True,0.27
2024-06-06,EBS.VI|NDA-FI.HE,Banks - Regional|EUR,0.0044,10.8,1.82,0.284,True,0.32
2024-06-06,ACS.MC|EN.PA,Engineering & Construction|EUR,0.0064,15.4,1.88,0.362,True,0.18
2024-06-06,ASSA-B.ST|SECU-B.ST,Security & Protection Services|SEK,0.0085,11.8,0.88,0.273,True,0.2
2024-09-03,LDO.MI|SAF.PA,Aerospace & Defense|EUR,0.0036,15.1,1.7,0.279,True,0.3
2024-09-03,KPN.AS|TEF.MC,Telecom Services|EUR,0.0051,13.1,0.89,0.366,True,0.4
2024-09-03,ASSA-B.ST|SECU-B.ST,Security & Protection Services|SEK,0.0057,11.2,0.96,-0.295,True,0.19
2024-11-29,LDO.MI|SAF.PA,Aerospace & Defense|EUR,0.0033,12.5,1.74,0.265,True,0.39
2024-11-29,KPN.AS|TEF.MC,Telecom Services|EUR,0.0049,13.0,0.86,0.376,True,0.4
2024-11-29,CABK.MC|CBK.DE,Banks - Regional|EUR,0.0074,11.7,1.0,0.206,True,0.36
2025-03-03,KPN.AS|TEF.MC,Telecom Services|EUR,0.0086,13.7,0.85,0.378,True,0.38
2025-03-03,III.L|QLT.L,Asset Management|GBp,0.01,12.4,1.08,0.23,True,0.28
2025-03-03,CABK.MC|MB.MI,Banks - Regional|EUR,0.0124,17.5,1.09,0.276,True,0.32
2025-06-02,ENEL.MI|IBE.MC,Utilities - Diversified|EUR,0.0017,16.2,0.78,0.6,True,0.23
2025-06-02,AGS.BR|ALV.DE,Insurance - Diversified|EUR,0.0061,10.5,0.92,0.447,True,0.32
2025-06-02,BKT.MC|CBK.DE,Banks - Regional|EUR,0.007,12.1,0.76,0.197,True,0.45
2025-08-28,ENEL.MI|IBE.MC,Utilities - Diversified|EUR,0.0009,13.8,0.78,-0.583,True,0.2
2025-08-28,KPN.AS|TEF.MC,Telecom Services|EUR,0.0042,12.7,1.0,0.402,True,0.3
2025-08-28,CABK.MC|MB.MI,Banks - Regional|EUR,0.0042,13.6,1.28,0.29,True,0.25
2025-11-25,NN.AS|SAMPO.HE,Insurance - Diversified|EUR,0.0009,12.2,1.76,0.418,True,0.05
2025-11-25,HSBA.L|STAN.L,Banks - Diversified|GBp,0.0023,12.3,0.59,0.302,True,0.36
2025-11-25,CABK.MC|KBC.BR,Banks - Regional|EUR,0.0028,13.6,1.47,0.265,True,0.42
2026-02-25,ENEL.MI|IBE.MC,Utilities - Diversified|EUR,0.0002,10.8,0.86,-0.399,True,0.32
2026-02-25,CABK.MC|KBC.BR,Banks - Regional|EUR,0.0003,10.0,1.38,0.279,True,0.37
2026-02-25,NDA-FI.HE|RBI.VI,Banks - Regional|EUR,0.0028,11.4,0.57,0.301,True,0.24
2026-05-27,ENEL.MI|IBE.MC,Utilities - Diversified|EUR,0.0,9.2,0.9,-0.527,True,0.27
2026-05-27,CABK.MC|NDA-FI.HE,Banks - Regional|EUR,0.0002,10.4,1.55,0.318,True,0.22
2026-05-27,EBS.VI|KBC.BR,Banks - Regional|EUR,0.0006,9.2,1.35,0.257,True,0.38
2026-08-24,ENEL.MI|IBE.MC,Utilities - Diversified|EUR,0.0,6.5,0.93,-0.551,True,0.2
2026-08-24,EBS.VI|KBC.BR,Banks - Regional|EUR,0.0005,7.1,1.29,0.271,True,0.34
2026-08-24,CABK.MC|NDA-FI.HE,Banks - Regional|EUR,0.0007,6.9,1.52,0.31,True,0.28
