,sx5e_3,sx5e_3_ex_best,stoxx600_3,stoxx600_3_ex_best,stoxx600_10,stoxx600_10_ex_best
return_%/yr,5.78,5.01,2.98,2.09,5.55,4.41
vol_%,3.36,3.37,3.04,3.03,3.24,2.98
sharpe_xs_estr,0.85,0.63,0.06,-0.22,0.82,0.52
max_dd_%,-2.79,-3.18,-3.74,-3.74,-2.94,-2.94
pair_alpha_net_%/yr,2.193,1.341,-0.403,-1.266,1.931,0.79
pair_alpha_t,1.304,0.804,-0.237,-0.747,1.062,0.476
equity_idle_%/yr,0.678,0.797,0.585,0.585,0.721,0.77
beta_total,0.094,0.097,0.004,0.003,0.021,0.022
turnover_x/yr,8.55,8.1,8.05,7.79,13.68,12.36
