,Previous run,New: full,New: w/o best pair,New: before hold-out,New: hold-out,Literal (flat=idle)
Return %/yr,5.24,4.6,5.4,4.45,4.91,5.73
Vol %,2.7,3.25,3.09,2.99,3.72,3.65
Sharpe (xs €STR),0.87,0.54,0.81,0.41,0.77,0.78
Max DD %,-3.08,-3.24,-3.24,-3.14,-1.63,-2.97
Pair alpha net %/yr,0.583,1.072,1.824,0.315,2.646,1.072
Pair alpha t,0.706,0.668,1.213,0.186,0.759,0.668
Equity (idle) %/yr,1.761,0.678,0.678,0.902,0.212,1.761
Book beta total,0.177,0.107,0.096,0.111,0.097,0.188
Turnover x/yr,4.56,8.78,8.35,6.9,12.69,8.78
