pod,symbol,sec_type,exchange,primary_exchange,currency,multiplier,target_qty,ref_price,notional_usd,reason
1,M6A,FUT,CME,CME,USD,10000.0,3,0.6945000290870667,20835.000872612,"trend 1.0 (z 0.719), carry 1.0, exact 3.32"
1,M6B,FUT,CME,CME,USD,6250.0,0,1.3214999437332153,0.0,"trend -1.0 (z -0.264), carry 1.0, exact -0.45"
1,M6E,FUT,CME,CME,USD,12500.0,-1,1.1224000453948975,-14030.000567436218,"trend -1.0 (z -0.709), carry -, exact -1.2"
1,MCD,FUT,CME,CME,USD,10000.0,-5,0.7041000127792358,-35205.00063896179,"trend -1.0 (z -0.419), carry -1.0, exact -4.54"
1,MCL,FUT,NYMEX,NYMEX,USD,100.0,0,90.91000366210938,0.0,"trend 1.0 (z 0.855), carry -, exact 0.18"
1,MES,FUT,CME,CME,USD,5.0,0,7834.5,0.0,"trend 1.0 (z 1.219), carry -, exact 0.18"
1,MHG,FUT,COMEX,COMEX,USD,2500.0,0,6.585000038146973,0.0,"trend 1.0 (z 1.087), carry -, exact 0.24"
1,MHNG,FUT,NYMEX,NYMEX,USD,1000.0,0,3.11899995803833,0.0,"trend 0.0 (z -0.118), carry -, exact 0.0"
1,MJY,FUT,CME,CME,USD,1250000.0,-2,0.006353000178933144,-15882.500447332859,"trend -1.0 (z -0.432), carry -1.0, exact -1.81"
1,MSF,FUT,CME,CME,USD,12500.0,-1,1.209149956703186,-15114.374458789825,"trend - (z nan), carry -1.0, exact -0.55"
1,NZD,FUT,CME,CME,USD,100000.0,0,0.5607500076293945,0.0,"trend - (z nan), carry 1.0, exact 0.15"
1,SIC,FUT,COMEX,COMEX,USD,100.0,0,59.189998626708984,0.0,"trend 1.0 (z 0.385), carry -, exact 0.4"
1,ZN,FUT,CBOT,CBOT,USD,1000.0,0,104.453125,0.0,"trend -1.0 (z -1.736), carry -, exact -0.18"
1,ZT,FUT,CBOT,CBOT,USD,2000.0,0,101.8359375,0.0,"trend -1.0 (z -1.908), carry -, exact -0.32"
