yahoo,region,name
ZURN.SW,EU,Zurich Insurance Group
GSK.L,EU,GSK plc
RIO.L,EU,Rio Tinto Group
INGA.AS,EU,ING Group
UBSG.SW,EU,UBS Group
SAF.PA,EU,Safran
DG.PA,EU,Vinci
PRU.L,EU,Prudential plc
BATS.L,EU,British American Tobacco
MBG.DE,EU,Mercedes-Benz Group
HLI.L,EU,Haleon
FERR.MI,EU,Ferrari
RMS.PA,EU,Hermès
ISP.MI,EU,Intesa Sanpaolo
HMB.ST,EU,H&M
PERP.PA,EU,Pernod Ricard
MICP.PA,EU,Michelin
BKT.MC,EU,Bankinter
CABK.MC,EU,CaixaBank
ENG.MC,EU,Enagás
NTGY.MC,EU,Naturgy
FER.AS,EU,Ferrovial
RED.MC,EU,Redeia
ITX.MC,EU,Inditex
REP.MC,EU,Repsol
SAB.MC,EU,Banco Sabadell
ATCOa.ST,EU,Atlas Copco
ERICb.ST,EU,Ericsson
ALFA.ST,EU,Alfa Laval
SAND.ST,EU,Sandvik AB
FORTUM.HE,EU,Fortum
GLEN.L,EU,Glencore
NG.L,EU,National Grid
LLOY.L,EU,Lloyds Banking Group
CPG.L,EU,Compass Group
RKT.L,EU,Reckitt
EXPN.L,EU,Experian
IMB.L,EU,Imperial Brands
RR.L,EU,Rolls-Royce Holdings
LSEG.L,EU,London Stock Exchange Group
IAG.L,EU,International Airlines Group
III.L,EU,3i
HLMA.L,EU,Halma plc
SMT.L,EU,Scottish Mortgage Investment Trust
MNG.L,EU,M&G
SMIN.L,EU,Smiths Group
CRDA.L,EU,Croda International
SDLF.L,EU,Standard Life plc
UTG.L,EU,Unite Group
SGRO.L,EU,Segro
BTRW.L,EU,Barratt Redrow
PSN.L,EU,Persimmon plc
NXT.L,EU,Next plc
KGF.L,EU,Kingfisher plc
HOLN.SW,EU,Holcim
SRENH.SW,EU,Swiss Re
LONN.SW,EU,Lonza Group
GIVN.SW,EU,Givaudan
SIKA.SW,EU,Sika
STMN.SW,EU,Straumann
PGHN.SW,EU,Partners Group
SOON.SW,EU,Sonova
LISN.SW,EU,Lindt & Sprüngli
SCHP.SW,EU,Schindler Group
UHR.SW,EU,Swatch Group
LOGN.SW,EU,Logitech
HELN.SW,EU,Helvetia Insurance
BALN.SW,EU,Baloise
GALE.SW,EU,Galenica
EMSN.SW,EU,Ems-Chemie
ABBN.SW,EU,ABB Ltd
ABN.AS,EU,ABN AMRO
AC.PA,EU,Accor
ACS.MC,EU,ACS Group
ADEN.SW,EU,Adecco
ADS.DE,EU,Adidas
ADM.L,EU,Admiral Group
ADYEN.AS,EU,Adyen
AENA.MC,EU,Aena
AGS.BR,EU,Ageas
AIRP.PA,EU,Air Liquide
AIR.PA,EU,Airbus
AKERBP.OL,EU,Aker BP
ALV.DE,EU,Allianz
ALO.PA,EU,Alstom
AIXA.DE,EU,AIXTRON
ALC.SW,EU,Alcon
AMBU-B.CO,EU,Ambu
AAL.L,EU,Anglo American plc
ABI.BR,EU,Anheuser-Busch InBev
ANTO.L,EU,Antofagasta plc
AKE.PA,EU,Arkema
SUNB.L,EU,Sunbelt Rentals
ASMI.AS,EU,ASM International
ASML.AS,EU,ASML Holding
ASSA-B.ST,EU,Assa Abloy
ABF.L,EU,Associated British Foods
AZN.L,EU,AstraZeneca
AUTO.L,EU,Auto Trader Group
AV.L,EU,Aviva
CS.PA,EU,AXA
AZE.BR,EU,Azelis Group
BME.L,EU,B&M European Value Retail
BA.L,EU,BAE Systems
BALD-B.ST,EU,Balder
BBY.L,EU,Balfour Beatty
BARC.L,EU,Barclays
BOL.ST,EU,Boliden AB
BBVA.MC,EU,Banco Bilbao Vizcaya Argentaria
SAN.MC,EU,Banco Santander
BARN.SW,EU,Barry Callebaut
BAS.DE,EU,BASF
BAYN.DE,EU,Bayer
BEZ.L,EU,Beazley
BEI.DE,EU,Beiersdorf
BEB.SW,EU,Belimo
BKG.L,EU,Berkeley Group Holdings
BMW.DE,EU,BMW
BNPP.PA,EU,BNP Paribas
BOL.PA,EU,Bolloré
BP.L,EU,BP
BNR.DE,EU,Brenntag
BT-A.L,EU,BT Group
BNZL.L,EU,Bunzl
BRBY.L,EU,Burberry
BVI.PA,EU,Bureau Veritas
AFX.DE,EU,Carl Zeiss Meditec
CAPP.PA,EU,Capgemini
CARR.PA,EU,Carrefour
CAST.ST,EU,Castellum
CNA.L,EU,Centrica
CCH.SW,EU,Coca-Cola HBC
COLR.BR,EU,Colruyt
CBK.DE,EU,Commerzbank
CON.DE,EU,Continental
CTEC.L,EU,ConvaTec
1COV.DE,EU,Covestro
CAGR.PA,EU,Crédit Agricole
CPR.MI,EU,Davide Campari-Milano
DANO.PA,EU,Danone
DHER.DE,EU,Delivery Hero
DEMANT.CO,EU,Demant
DLN.L,EU,Derwent London
DB1.DE,EU,Deutsche Börse
DTE.DE,EU,Deutsche Telekom
DHL.DE,EU,DHL Group
DGE.L,EU,Diageo
DPLM.L,EU,Diploma
DLG.L,EU,Direct Line
DOCM.SW,EU,DocMorris
SMDS.L,EU,DS Smith
EZJ.L,EU,EasyJet
EDEN.PA,EU,Edenred
EDP.LS,EU,EDP - Energias de Portugal
EDPR.LS,EU,EDP Renováveis
EFGI.PA,EU,Eiffage
ELUX-B.ST,EU,Electrolux
ELISA.HE,EU,Elisa
EDV.L,EU,Endeavour Mining
ENI.MI,EU,Eni
ENEL.MI,EU,Enel
ENT.L,EU,Entain
EOAN.DE,EU,E.ON
EPI-A.ST,EU,Epiroc
EBS.VI,EU,Erste Group
ESLX.PA,EU,EssilorLuxottica
ENX.AS,EU,Euronext
EVK.DE,EU,Evonik Industries
EVT.DE,EU,Evotec
EXO.AS,EU,Exor
FRVIA.PA,EU,Forvia
FNTN.DE,EU,Freenet
FME.DE,EU,Fresenius Medical Care
GALP.LS,EU,Galp Energia
GAW.L,EU,Games Workshop
G1A.DE,EU,GEA Group
GEBN.SW,EU,Geberit
GFC.PA,EU,Gecina
GF.SW,EU,Georg Fischer
GET.PA,EU,Getlink
GLB.IR,EU,Glanbia
GN.CO,EU,GN Store Nord
GFT.IR,EU,Grafton Group
GRF.MC,EU,Grifols
HNR.DE,EU,Hannover Re
HAS.L,EU,Hays
HEI.DE,EU,Heidelberg Materials
HEN3.DE,EU,Henkel
HIK.L,EU,Hikma Pharmaceuticals
HWDN.L,EU,Howden Joinery
HSBA.L,EU,HSBC
BOSS.DE,EU,Hugo Boss
HUSQ-B.ST,EU,Husqvarna
IBE.MC,EU,Iberdrola
INCH.L,EU,Inchcape
INDT.ST,EU,Indutrade
IFX.DE,EU,Infineon Technologies
INPST.AS,EU,InPost
IHG.L,EU,InterContinental Hotels Group
ICP.L,EU,Intermediate Capital Group
ITRK.L,EU,Intertek
IPN.PA,EU,Ipsen
ITV.L,EU,ITV
SBRY.L,EU,Sainsbury's
JD.L,EU,JD Sports
JMT.LS,EU,Jerónimo Martins
BAER.SW,EU,Julius Baer
KBC.BR,EU,KBC Group
KER.PA,EU,Kering
KNEBV.HE,EU,Kone
KPN.AS,EU,KPN
LAND.L,EU,Land Securities
LXS.DE,EU,Lanxess
LEG.DE,EU,LEG Immobilien
LDO.MI,EU,Leonardo
LSG.OL,EU,Lerøy Seafood
LII.L,EU,Liberty Global
LIF.IR,EU,LifeCo
LIN.L,EU,Linde plc
OR.PA,EU,L'Oréal
LPP.WA,EU,LPP
LHA.DE,EU,Lufthansa
LUMI.PA,EU,Lumibird
MC.PA,EU,LVMH
MAERSK-B.CO,EU,Maersk
MAN.DE,EU,MAN SE
MB.MI,EU,Mediobanca
MELE.BR,EU,Melexis
MEL.MC,EU,Meliá Hotels
MRL.MC,EU,Merlin Properties
METSO.HE,EU,Metso
TIGO.ST,EU,Millicom
MCG.L,EU,Mobico Group
MONC.MI,EU,Moncler
MNDI.L,EU,Mondi
MOR.DE,EU,MorphoSys
MUV2.DE,EU,Munich Re
MT.AS,EU,ArcelorMittal
MTX.DE,EU,MTU Aero Engines
NAB.AT,EU,National Bank of Greece
NWG.L,EU,NatWest Group
NEM.DE,EU,Nemetschek
NEOEN.PA,EU,Neoen
NSN.HE,EU,Neste
NESN.SW,EU,Nestlé
NEX.PA,EU,Nexans
NEXI.MI,EU,Nexi
NIBE-B.ST,EU,Nibe Industrier
NN.AS,EU,NN Group
NOKIA.HE,EU,Nokia
NDA-FI.HE,EU,Nordea
NHY.OL,EU,Norsk Hydro
NOV-N.SW,EU,Novartis
NOVO-B.CO,EU,Novo Nordisk
OCDO.L,EU,Ocado
OCI.AS,EU,OCI
OERL.SW,EU,Oerlikon
OMV.VI,EU,OMV
ONT.BR,EU,Ontex
ORA.PA,EU,Orange S.A.
ORK.OL,EU,Orkla ASA
ORSTED.CO,EU,Ørsted
PANDORA.CO,EU,Pandora
PBB.DE,EU,Deutsche Pfandbriefbank
P911.DE,EU,Porsche
PNL.AS,EU,PostNL
PSN.PA,EU,Publicis
PUM.DE,EU,Puma
QIA.AS,EU,Qiagen
RBI.VI,EU,Raiffeisen Bank International
REC.MI,EU,Recordati
RHM.DE,EU,Rheinmetall
RIGN.SW,EU,Transocean
CFR.SW,EU,Richemont
ROG.SW,EU,Roche Holding
ROL.L,EU,Royal Mail
RWE.DE,EU,RWE
SGE.L,EU,Sage Group
SGO.PA,EU,Saint-Gobain
SALM.OL,EU,SalMar
SAMPO.HE,EU,Sampo Group
SAN.PA,EU,Sanofi
SANO.HE,EU,Sanoma
SAP.DE,EU,SAP
SECU-B.ST,EU,Securitas AB
SU.PA,EU,Schneider Electric
SCR.PA,EU,SCOR SE
SGSN.SW,EU,SGS S.A.
SHEL.L,EU,Shell plc
SIE.DE,EU,Siemens
SIG.SW,EU,SIG Group
SEB.ST,EU,Skandinaviska Enskilda Banken
SKA-B.ST,EU,Skanska
SKF-B.ST,EU,SKF
SKY.L,EU,Sky Group
SN.L,EU,Smith & Nephew
SOLB.BR,EU,Solvay
SSE.L,EU,SSE plc
SRB.OL,EU,Storebrand
STER.HE,EU,Stora Enso
STMPA.SW,EU,STMicroelectronics
SWED-A.ST,EU,Swedbank
SWMA.ST,EU,Swedish Match
SCMN.SW,EU,Swisscom
SHB-B.ST,EU,Svenska Handelsbanken
SY1.DE,EU,Symrise
TATE.L,EU,Tate & Lyle
TJW.L,EU,Taylor Wimpey
TELIA.ST,EU,Telia Company
TIT.MI,EU,Telecom Italia
TEL2-B.ST,EU,Tele2
TEL.OL,EU,Telenor
TEMN.SW,EU,Temenos Group
TEN.AS,EU,Tenaris
TRN.MI,EU,Terna
TSCO.L,EU,Tesco
TKA.DE,EU,ThyssenKrupp
TOM.AS,EU,TomTom
TTE.PA,EU,TotalEnergies
TRYG.CO,EU,Tryg
TUI.DE,EU,TUI Group
UMI.BR,EU,Umicore
UC.MI,EU,UniCredit
ULVR.L,EU,Unilever
UPW.L,EU,United Utilities
UMG.AS,EU,Universal Music Group
VALMT.HE,EU,Valmet
VACN.SW,EU,VAT Group
VESTAS.CO,EU,Vestas
VIV.PA,EU,Vivendi
VOD.L,EU,Vodafone
VOLV-B.ST,EU,Volvo Group
VNA.DE,EU,Vonovia
WTB.L,EU,Whitbread
WKL.AS,EU,Wolters Kluwer
WPP.L,EU,WPP
PSON.L,EU,Pearson
PNN.L,EU,Pennon Group
PIRC.MI,EU,Pirelli
PLPH.SW,EU,PolyPeptide
PAH3.DE,EU,Porsche SE
PST.MI,EU,Poste Italiane
PROX.BR,EU,Proximus
PRY.MI,EU,Prysmian
QLT.L,EU,Quilter
FRA.DE,EU,Rational
REL.L,EU,RELX
RCO.PA,EU,Rémy Cointreau
RNO.PA,EU,Renault
RTO.L,EU,Rentokil Initial
RXL.PA,EU,Rexel
RMV.L,EU,Rightmove
S4.L,EU,S4 Capital
SDZ.SW,EU,Sandoz
SRT3.DE,EU,Sartorius
SCHA.OL,EU,Schibsted
SDR.L,EU,Schroders
G24.DE,EU,Scout24
SVT.L,EU,Severn Trent
LIGHT.AS,EU,Signify
SIX2.DE,EU,Sixt
SKG.IR,EU,Smurfit Kappa
SRG.MI,EU,Snam
GLE.PA,EU,Société Générale
SW.PA,EU,Sodexo
SCT.L,EU,Softcat
SOW.DE,EU,Software
SXS.L,EU,Spectris
SPX.L,EU,Spirax-Sarco Engineering
STJ.L,EU,St. James's Place
STAN.L,EU,Standard Chartered
STLAM.AS,EU,Stellantis
SWECO-B.ST,EU,Sweco
SLHN.SW,EU,Swiss Life
SPSN.SW,EU,Swiss Prime Site
TLX.DE,EU,Talanx
TMV.DE,EU,TeamViewer
FTI.L,EU,TechnipFMC
TEF.MC,EU,Telefónica
TEP.PA,EU,Teleperformance
TPG.L,EU,Telecom Plus
TGS.OL,EU,TGS
THL.PA,EU,Thales
TOM.OL,EU,Tomra
TPK.L,EU,Travis Perkins
TREL-B.ST,EU,Trelleborg
8TRA.DE,EU,Traton
UBI.PA,EU,Ubisoft
URW.PA,EU,Unibail-Rodamco-Westfield
UN01.DE,EU,Uniper
UPM.HE,EU,UPM-Kymmene
FR.PA,EU,Valeo
VK.PA,EU,Vallourec
VAR1.DE,EU,Varta
VIE.PA,EU,Veolia
VER.VI,EU,Verbund
VPLAY-B.ST,EU,Viaplay
VCT.PA,EU,Vicat
VIG.VI,EU,Vienna Insurance Group
VITR.ST,EU,Vitrolife
VOE.VI,EU,Voestalpine
VPK.AS,EU,Vopak
WDP.BR,EU,Warehouses De Pauw
WEIR.L,EU,Weir Group
WEND.PA,EU,Wendel
WIE.VI,EU,Wienerberger
WIHL.ST,EU,Wihlborgs Fastigheter
WISE.L,EU,Wise
WLN.PA,EU,Worldline
YAR.OL,EU,Yara International
ZAL.DE,EU,Zalando
ANA.MC,EU,Acciona
ANE.MC,EU,Acciona Energía
ACX.MC,EU,Acerinox
ADH.OL,EU,Adevinta
AF.PA,EU,Air France-KLM
AKZA.AS,EU,AkzoNobel
ALLFG.MC,EU,Allfunds Group
AML.L,EU,Aston Martin
AMS.VI,EU,ams OSRAM
ARGX.AS,EU,Argenx
ARND.DE,EU,Aroundtown
ATOS.PA,EU,Atos
BPOST.BR,EU,Bpost
BRNW.MI,EU,Brunello Cucinelli
BYG.L,EU,Big Yellow Group
CASP.ST,EU,Castellum
CDR.WA,EU,CD Projekt
CLN.SW,EU,Clariant
CTG.L,EU,Computer Center
CTS.DE,EU,CTS Eventim
DIA.MC,EU,Dia
DIE.BR,EU,DIETEREN Group
DSM.SW,EU,DSM-Firmenich
DTG.DE,EU,Daimler Truck
EN.PA,EU,Bouygues
ENGI.PA,EU,Engie
EVR.L,EU,Evraz
FALK.CO,EU,Falck
FLOW.AS,EU,Flow Traders
FLTR.IR,EU,Flutter Entertainment
FOR.MC,EU,FCC
GREG.L,EU,Greggs
GWI.MI,EU,Gruppo Campari
IDP.MI,EU,Interpump Group
IGGI.L,EU,IG Group
IMI.L,EU,IMI
INDV.L,EU,Indivior
INF.L,EU,Informa
INP.L,EU,Investec
IPX.PA,EU,Ipsos
JMAT.L,EU,Johnson Matthey
JUST.AS,EU,Just Eat Takeaway
KNIN.SW,EU,Kuehne + Nagel
LANV.PA,EU,Lanvin Group
LGEN.L,EU,Legal & General
LUN.ST,EU,Lundin Energy
MKS.L,EU,Marks & Spencer
MONY.L,EU,Moneysupermarket.com
MRW.L,EU,Morrisons
NGG.L,EU,National Grid
MMM,US,3M
AOS,US,A. O. Smith
ABT,US,Abbott Laboratories
ABBV,US,AbbVie
ACN,US,Accenture
ADBE,US,Adobe Inc.
AMD,US,Advanced Micro Devices
AES,US,AES Corporation
AFL,US,Aflac
A,US,Agilent Technologies
APD,US,Air Products
ABNB,US,Airbnb
AKAM,US,Akamai Technologies
ALB,US,Albemarle Corporation
ARE,US,Alexandria Real Estate Equities
ALGN,US,Align Technology
ALLE,US,Allegion
LNT,US,Alliant Energy
ALL,US,Allstate
GOOGL,US,Alphabet Inc. (Class A)
GOOG,US,Alphabet Inc. (Class C)
MO,US,Altria
AMZN,US,Amazon
AMCR,US,Amcor
AEE,US,Ameren
AEP,US,American Electric Power
AXP,US,American Express
AIG,US,American International Group
AMT,US,American Tower
AWK,US,American Water Works
AMP,US,Ameriprise Financial
AME,US,Ametek
AMGN,US,Amgen
APH,US,Amphenol
ADI,US,Analog Devices
AON,US,Aon plc
APA,US,APA Corporation
APO,US,Apollo Global Management
AAPL,US,Apple Inc.
AMAT,US,Applied Materials
APP,US,AppLovin
APTV,US,Aptiv
ACGL,US,Arch Capital Group
ADM,US,Archer Daniels Midland
ARES,US,Ares Management
ANET,US,Arista Networks
AJG,US,Arthur J. Gallagher & Co.
AIZ,US,Assurant
T,US,AT&T
ATO,US,Atmos Energy
ADSK,US,Autodesk
ADP,US,Automatic Data Processing
AZO,US,AutoZone
AVY,US,Avery Dennison
AXON,US,Axon Enterprise
BKR,US,Baker Hughes
BALL,US,Ball Corporation
BAC,US,Bank of America
BAX,US,Baxter International
BDX,US,Becton Dickinson
BRK-B,US,Berkshire Hathaway
BBY,US,Best Buy
TECH,US,Bio-Techne
BIIB,US,Biogen
BLK,US,BlackRock
BX,US,Blackstone Inc.
XYZ,US,"Block, Inc."
BE,US,Bloom Energy
BNY,US,BNY Mellon
BA,US,Boeing
BKNG,US,Booking Holdings
BSX,US,Boston Scientific
BMY,US,Bristol Myers Squibb
AVGO,US,Broadcom
BR,US,Broadridge Financial Solutions
BRO,US,Brown & Brown
BF-B,US,Brown–Forman
BG,US,Bunge Global
BXP,US,"BXP, Inc."
CHRW,US,C.H. Robinson
CDNS,US,Cadence Design Systems
CPT,US,Camden Property Trust
COF,US,Capital One
CAH,US,Cardinal Health
CCL,US,Carnival Corporation
CARR,US,Carrier Global
CVNA,US,Carvana
CASY,US,Casey's
CAT,US,Caterpillar Inc.
CBOE,US,Cboe Global Markets
CBRE,US,CBRE Group
CDW,US,CDW Corporation
COR,US,Cencora
CNC,US,Centene Corporation
CNP,US,CenterPoint Energy
CF,US,CF Industries
CRL,US,Charles River Laboratories
SCHW,US,Charles Schwab Corporation
CHTR,US,Charter Communications
CVX,US,Chevron Corporation
CMG,US,Chipotle Mexican Grill
CB,US,Chubb Limited
CHD,US,Church & Dwight
CIEN,US,Ciena
CI,US,Cigna
CINF,US,Cincinnati Financial
CTAS,US,Cintas
CSCO,US,Cisco
C,US,Citigroup
CFG,US,Citizens Financial Group
CLX,US,Clorox
CME,US,CME Group
CMS,US,CMS Energy
KO,US,Coca-Cola Company (The)
CTSH,US,Cognizant
COHR,US,Coherent Corp.
COIN,US,Coinbase
CL,US,Colgate-Palmolive
CMCSA,US,Comcast
FIX,US,Comfort Systems USA
COP,US,ConocoPhillips
ED,US,Consolidated Edison
STZ,US,Constellation Brands
CEG,US,Constellation Energy
COO,US,Cooper Companies (The)
CPRT,US,Copart
GLW,US,Corning Inc.
CPAY,US,Corpay
CTVA,US,Corteva
CSGP,US,CoStar Group
COST,US,Costco
CRH,US,CRH plc
CRWD,US,CrowdStrike
CCI,US,Crown Castle
CSX,US,CSX Corporation
CMI,US,Cummins
CVS,US,CVS Health
DHR,US,Danaher Corporation
DRI,US,Darden Restaurants
DDOG,US,Datadog
DVA,US,DaVita
DECK,US,Deckers Brands
DE,US,Deere & Company
DELL,US,Dell Technologies
DAL,US,Delta Air Lines
DVN,US,Devon Energy
DXCM,US,Dexcom
FANG,US,Diamondback Energy
DLR,US,Digital Realty
DG,US,Dollar General
DLTR,US,Dollar Tree
D,US,Dominion Energy
DPZ,US,Domino's
DASH,US,DoorDash
DOV,US,Dover Corporation
DOW,US,Dow Inc.
DHI,US,D. R. Horton
DTE,US,DTE Energy
DUK,US,Duke Energy
DD,US,DuPont
ETN,US,Eaton Corporation
EBAY,US,eBay Inc.
ECHO,US,EchoStar
ECL,US,Ecolab
EIX,US,Edison International
EW,US,Edwards Lifesciences
ELV,US,Elevance Health
EME,US,Emcor
EMR,US,Emerson Electric
ETR,US,Entergy
EOG,US,EOG Resources
EQT,US,EQT Corporation
EFX,US,Equifax
EQIX,US,Equinix
ERIE,US,Erie Indemnity
ESS,US,Essex Property Trust
EL,US,Estée Lauder Companies (The)
EG,US,Everest Group
EVRG,US,Evergy
P,US,Everpure
ES,US,Eversource Energy
EXC,US,Exelon
EXE,US,Expand Energy
EXPE,US,Expedia Group
EXPD,US,Expeditors International
EXR,US,Extra Space Storage
XOM,US,ExxonMobil
FFIV,US,"F5, Inc."
FDS,US,FactSet
FICO,US,Fair Isaac
FAST,US,Fastenal
FRT,US,Federal Realty Investment Trust
FDX,US,FedEx
FDXF,US,FedEx Freight
FERG,US,Ferguson Enterprises
FIS,US,Fidelity National Information Services
FITB,US,Fifth Third Bancorp
FSLR,US,First Solar
FE,US,FirstEnergy
FISV,US,Fiserv
FLEX,US,Flex Ltd.
F,US,Ford Motor Company
FTNT,US,Fortinet
FTV,US,Fortive
FOXA,US,Fox Corporation (Class A)
FOX,US,Fox Corporation (Class B)
BEN,US,Franklin Resources
FCX,US,Freeport-McMoRan
GRMN,US,Garmin
IT,US,Gartner
GE,US,GE Aerospace
GEHC,US,GE HealthCare
GEV,US,GE Vernova
GEN,US,Gen Digital
GNRC,US,Generac
GD,US,General Dynamics
GIS,US,General Mills
GM,US,General Motors
GPC,US,Genuine Parts Company
GILD,US,Gilead Sciences
GPN,US,Global Payments
GL,US,Globe Life
GDDY,US,GoDaddy
GS,US,Goldman Sachs
HAL,US,Halliburton
HIG,US,Hartford (The)
HAS,US,Hasbro
HCA,US,HCA Healthcare
DOC,US,Healthpeak Properties
HSIC,US,Henry Schein
HSY,US,Hershey Company (The)
HPE,US,Hewlett Packard Enterprise
HLT,US,Hilton Worldwide
HD,US,Home Depot (The)
HONA,US,Honeywell Aerospace
HON,US,Honeywell Technologies
HRL,US,Hormel Foods
HST,US,Host Hotels & Resorts
HWM,US,Howmet Aerospace
HPQ,US,HP Inc.
HUBB,US,Hubbell Incorporated
HUM,US,Humana
HBAN,US,Huntington Bancshares
HII,US,Huntington Ingalls Industries
IBM,US,IBM
IEX,US,IDEX Corporation
IDXX,US,Idexx Laboratories
ITW,US,Illinois Tool Works
ILMN,US,"Illumina, Inc."
INCY,US,Incyte
IR,US,Ingersoll Rand
PODD,US,Insulet Corporation
INTC,US,Intel
IBKR,US,Interactive Brokers
ICE,US,Intercontinental Exchange
IFF,US,International Flavors & Fragrances
IP,US,International Paper
INTU,US,Intuit
ISRG,US,Intuitive Surgical
IVZ,US,Invesco
INVH,US,Invitation Homes
IQV,US,IQVIA
IRM,US,Iron Mountain
JBHT,US,J.B. Hunt
JBL,US,Jabil
JKHY,US,Jack Henry & Associates
J,US,Jacobs Solutions
JNJ,US,Johnson & Johnson
JCI,US,Johnson Controls
JPM,US,JPMorgan Chase
KVUE,US,Kenvue
KDP,US,Keurig Dr Pepper
KEY,US,KeyCorp
KEYS,US,Keysight Technologies
KMB,US,Kimberly-Clark
KIM,US,Kimco Realty
KMI,US,Kinder Morgan
KKR,US,KKR & Co.
KLAC,US,KLA Corporation
KHC,US,Kraft Heinz
KR,US,Kroger
LHX,US,L3Harris
LH,US,Labcorp
LRCX,US,Lam Research
LVS,US,Las Vegas Sands
LDOS,US,Leidos
LEN,US,Lennar
LII,US,Lennox International
LLY,US,Lilly (Eli)
LIN,US,Linde plc
LYV,US,Live Nation Entertainment
LMT,US,Lockheed Martin
L,US,Loews Corporation
LOW,US,Lowe's
LULU,US,Lululemon Athletica
LITE,US,Lumentum
LYB,US,LyondellBasell
MTB,US,M&T Bank
MPC,US,Marathon Petroleum
MAR,US,Marriott International
MRSH,US,Marsh McLennan
MLM,US,Martin Marietta Materials
MRVL,US,Marvell Technology
MAS,US,Masco
MA,US,Mastercard
MKC,US,McCormick & Company
MCD,US,McDonald's
MCK,US,McKesson Corporation
MDT,US,Medtronic
MRK,US,Merck & Co.
META,US,Meta Platforms
MET,US,MetLife
MTD,US,Mettler Toledo
MGM,US,MGM Resorts
MCHP,US,Microchip Technology
MU,US,Micron Technology
MSFT,US,Microsoft
MAA,US,Mid-America Apartment Communities
MRNA,US,Moderna
MDLZ,US,Mondelez International
MPWR,US,Monolithic Power Systems
MNST,US,Monster Beverage
MCO,US,Moody's Corporation
MS,US,Morgan Stanley
MOS,US,Mosaic Company (The)
MSI,US,Motorola Solutions
MSCI,US,MSCI
NDAQ,US,"Nasdaq, Inc."
NTAP,US,NetApp
NFLX,US,Netflix
NEM,US,Newmont
NWSA,US,News Corp (Class A)
NWS,US,News Corp (Class B)
NEE,US,NextEra Energy
NKE,US,"Nike, Inc."
NI,US,NiSource
NDSN,US,Nordson Corporation
NSC,US,Norfolk Southern
NTRS,US,Northern Trust
NOC,US,Northrop Grumman
NCLH,US,Norwegian Cruise Line Holdings
NRG,US,NRG Energy
NUE,US,Nucor
NVDA,US,Nvidia
NVR,US,"NVR, Inc."
NXPI,US,NXP Semiconductors
ORLY,US,O'Reilly Automotive
OXY,US,Occidental Petroleum
ODFL,US,Old Dominion
OMC,US,Omnicom Group
ON,US,ON Semiconductor
OKE,US,Oneok
ORCL,US,Oracle Corporation
OTIS,US,Otis Worldwide
PCAR,US,Paccar
PKG,US,Packaging Corporation of America
PLTR,US,Palantir Technologies
PANW,US,Palo Alto Networks
PSKY,US,Paramount Skydance Corporation
PH,US,Parker Hannifin
PAYX,US,Paychex
PYPL,US,PayPal
PNR,US,Pentair
PEP,US,PepsiCo
PFE,US,Pfizer
PCG,US,PG&E Corporation
PM,US,Philip Morris International
PSX,US,Phillips 66
PNW,US,Pinnacle West Capital
PNC,US,PNC Financial Services
PPG,US,PPG Industries
PPL,US,PPL Corporation
PFG,US,Principal Financial Group
PG,US,Procter & Gamble
PGR,US,Progressive Corporation
PLD,US,Prologis
PRU,US,Prudential Financial
PEG,US,Public Service Enterprise Group
PTC,US,PTC Inc.
PSA,US,Public Storage
PHM,US,PulteGroup
PWR,US,Quanta Services
QCOM,US,Qualcomm
DGX,US,Quest Diagnostics
Q,US,Qnity Electronics
RL,US,Ralph Lauren Corporation
RJF,US,Raymond James Financial
RDDT,US,Reddit
RTX,US,RTX Corporation
O,US,Realty Income
REG,US,Regency Centers
REGN,US,Regeneron Pharmaceuticals
RF,US,Regions Financial Corporation
RSG,US,Republic Services
RMD,US,ResMed|
RVTY,US,Revvity
HOOD,US,Robinhood Markets
ROK,US,Rockwell Automation
ROL,US,"Rollins, Inc."
ROP,US,Roper Technologies
ROST,US,Ross Stores
RCL,US,Royal Caribbean Group
SPGI,US,S&P Global
CRM,US,Salesforce
SNDK,US,Sandisk
SBAC,US,SBA Communications
SLB,US,Schlumberger
STX,US,Seagate Technology
SRE,US,Sempra
NOW,US,ServiceNow
SHW,US,Sherwin-Williams
SPG,US,Simon Property Group
SWKS,US,Skyworks Solutions
SJM,US,J.M. Smucker Company (The)
SW,US,Smurfit Westrock
SNA,US,Snap-on
SOLV,US,Solventum
SO,US,Southern Company
LUV,US,Southwest Airlines
SWK,US,Stanley Black & Decker
SBUX,US,Starbucks
STT,US,State Street Corporation
STLD,US,Steel Dynamics
STE,US,Steris
SYK,US,Stryker Corporation
SMCI,US,Supermicro
SYF,US,Synchrony Financial
SNPS,US,Synopsys
SYY,US,Sysco
TMUS,US,T-Mobile US
TROW,US,T. Rowe Price
TTWO,US,Take-Two Interactive
TPR,US,"Tapestry, Inc."
TRGP,US,Targa Resources
TGT,US,Target Corporation
TEL,US,TE Connectivity
TDY,US,Teledyne Technologies
TER,US,Teradyne
TSLA,US,"Tesla, Inc."
TXN,US,Texas Instruments
TPL,US,Texas Pacific Land Corporation
TXT,US,Textron
TMO,US,Thermo Fisher Scientific
TJX,US,TJX Companies
TKO,US,TKO Group Holdings
TSCO,US,Tractor Supply
TT,US,Trane Technologies
TDG,US,TransDigm Group
TRV,US,Travelers Companies (The)
TRMB,US,Trimble Inc.
TFC,US,Truist Financial
TYL,US,Tyler Technologies
TSN,US,Tyson Foods
USB,US,U.S. Bancorp
UBER,US,Uber
UDR,US,"UDR, Inc."
ULTA,US,Ulta Beauty
UNP,US,Union Pacific Corporation
UAL,US,United Airlines Holdings
UPS,US,United Parcel Service
URI,US,United Rentals
UNH,US,UnitedHealth Group
UHS,US,Universal Health Services
VLO,US,Valero Energy
VEEV,US,Veeva Systems
VTR,US,Ventas
VLTO,US,Veralto
VRSN,US,Verisign
VRSK,US,Verisk Analytics
VZ,US,Verizon
VRTX,US,Vertex Pharmaceuticals
VRT,US,Vertiv
VTRS,US,Viatris
VICI,US,Vici Properties
V,US,Visa Inc.
VST,US,Vistra Corp.
VMRK,US,Vivmark Residential
VMC,US,Vulcan Materials Company
WRB,US,W. R. Berkley Corporation
GWW,US,W. W. Grainger
WAB,US,Wabtec
WMT,US,Walmart
DIS,US,Walt Disney Company (The)
WBD,US,Warner Bros. Discovery
WM,US,Waste Management
WAT,US,Waters Corporation
WEC,US,WEC Energy Group
WFC,US,Wells Fargo
WELL,US,Welltower
WST,US,West Pharmaceutical Services
WDC,US,Western Digital
WY,US,Weyerhaeuser
WSM,US,"Williams-Sonoma, Inc."
WMB,US,Williams Companies
WTW,US,Willis Towers Watson
WDAY,US,"Workday, Inc."
WYNN,US,Wynn Resorts
XEL,US,Xcel Energy
XYL,US,Xylem Inc.
YUM,US,Yum! Brands
ZBRA,US,Zebra Technologies
ZBH,US,Zimmer Biomet
ZTS,US,Zoetis
0005.HK,HK,HSBC Holdings plc
0388.HK,HK,HKEx Limited
0939.HK,HK,China Construction Bank
1299.HK,HK,AIA Group Limited
1398.HK,HK,Industrial and Commercial Bank of China
2318.HK,HK,Ping An Insurance
2388.HK,HK,BOC Hong Kong (Holdings) Ltd
2628.HK,HK,China Life
3968.HK,HK,China Merchants Bank
3988.HK,HK,Bank of China Ltd
0002.HK,HK,CLP Holdings Limited
0003.HK,HK,Hong Kong and China Gas Company Limited
0006.HK,HK,Power Assets Holdings Limited
0836.HK,HK,China Resources Power
1038.HK,HK,Cheung Kong Infrastructure Holdings Limited
2688.HK,HK,ENN Energy
0012.HK,HK,Henderson Land Development Company Limited
0016.HK,HK,Sun Hung Kai Properties Limited
0101.HK,HK,Hang Lung Properties Limited
0688.HK,HK,China Overseas Land & Investment Limited
0823.HK,HK,Link REIT
0960.HK,HK,Longfor Properties
1109.HK,HK,China Resources Land Limited
1113.HK,HK,CK Asset Holdings
1209.HK,HK,China Resources Mixc Lifestyle
1997.HK,HK,Wharf Real Estate Investment Company Limited
0001.HK,HK,CK Hutchison Holdings Limited
0027.HK,HK,Galaxy Entertainment Group Ltd.
0066.HK,HK,MTR Corporation Ltd
0175.HK,HK,Geely Auto
0241.HK,HK,Alibaba Health
0267.HK,HK,CITIC Limited
0285.HK,HK,BYD Electronics
0288.HK,HK,WH Group
0291.HK,HK,China Resources Beer
0300.HK,HK,Midea Group
0316.HK,HK,Orient Overseas (International) Limited
0322.HK,HK,Tingyi
0386.HK,HK,Sinopec Corp
0669.HK,HK,Techtronic Industries
0700.HK,HK,Tencent Holdings Limited
0762.HK,HK,China Unicom
0857.HK,HK,PetroChina Company Limited
0868.HK,HK,Xinyi Glass
0881.HK,HK,Zhongsheng Group
0883.HK,HK,CNOOC Limited
0941.HK,HK,China Mobile Ltd
0968.HK,HK,Xinyi Solar
0981.HK,HK,Semiconductor Manufacturing International Corporation
0992.HK,HK,Lenovo
1024.HK,HK,Kuaishou
1044.HK,HK,Hengan International Group Co. Ltd
1088.HK,HK,China Shenhua Energy
1093.HK,HK,CSPC Pharmaceutical Group
1099.HK,HK,Sinopharm Group
1177.HK,HK,Sino Biopharm
1211.HK,HK,BYD Company
1378.HK,HK,China Hongqiao Group
1810.HK,HK,Xiaomi
1876.HK,HK,Budweiser Brewing Company APAC
1928.HK,HK,Sands China
1929.HK,HK,Chow Tai Fook
2015.HK,HK,Li Auto
2020.HK,HK,Anta Sports
2057.HK,HK,ZTO Express
2269.HK,HK,WuXi Biologics
2313.HK,HK,Shenzhou International
2319.HK,HK,Mengniu Dairy
2331.HK,HK,Li-Ning
2359.HK,HK,WuXi AppTec
2382.HK,HK,Sunny Optical
2618.HK,HK,JD Logistics
2899.HK,HK,Zijin Mining
3690.HK,HK,Meituan
3692.HK,HK,Hansoh Pharmaceutical Group
6618.HK,HK,JD Health
6690.HK,HK,Haier
6862.HK,HK,Haidilao
9618.HK,HK,JD.com
9633.HK,HK,Nongfu Spring
9888.HK,HK,Baidu
9961.HK,HK,Trip.com Group
9988.HK,HK,Alibaba Group
9992.HK,HK,Pop Mart
9999.HK,HK,NetEase
