pod,symbol,sec_type,exchange,primary_exchange,currency,multiplier,target_qty,ref_price,notional_usd,reason,current_qty,order_qty,order_notional_usd,order_type,flag,batch_id
1,M6A,FUT,CME,CME,USD,10000.0,13,0.6945000290870667,90285.00378131866,"trend 1.0 (z 0.719), carry 1.0, exact 13.3",0,13,90285.00378131866,MKT 10 min before settlement,,2026-10-08-4f741a99
1,M6B,FUT,CME,CME,USD,6250.0,-2,1.3214999437332153,-16518.74929666519,"trend -1.0 (z -0.264), carry 1.0, exact -1.81",0,-2,16518.74929666519,MKT 10 min before settlement,,2026-10-08-4f741a99
1,M6E,FUT,CME,CME,USD,12500.0,-5,1.1224000453948975,-70150.00283718109,"trend -1.0 (z -0.709), carry -, exact -4.82",0,-5,70150.00283718109,MKT 10 min before settlement,,2026-10-08-4f741a99
1,MCD,FUT,CME,CME,USD,10000.0,-18,0.7041000127792358,-126738.00230026245,"trend -1.0 (z -0.419), carry -1.0, exact -18.14",0,-18,126738.00230026245,MKT 10 min before settlement,over 10% of NAV,2026-10-08-4f741a99
1,MCL,FUT,NYMEX,NYMEX,USD,100.0,1,90.91000366210938,9091.000366210938,"trend 1.0 (z 0.855), carry -, exact 0.72",0,1,9091.000366210938,MKT 10 min before settlement,,2026-10-08-4f741a99
1,MES,FUT,CME,CME,USD,5.0,1,7834.5,39172.5,"trend 1.0 (z 1.219), carry -, exact 0.74",0,1,39172.5,MKT 10 min before settlement,,2026-10-08-4f741a99
1,MHG,FUT,COMEX,COMEX,USD,2500.0,1,6.585000038146973,16462.50009536743,"trend 1.0 (z 1.087), carry -, exact 0.95",0,1,16462.50009536743,MKT 10 min before settlement,,2026-10-08-4f741a99
1,MJY,FUT,CME,CME,USD,1250000.0,-7,0.006353000178933144,-55588.75156566501,"trend -1.0 (z -0.432), carry -1.0, exact -7.23",0,-7,55588.75156566501,MKT 10 min before settlement,,2026-10-08-4f741a99
1,MSF,FUT,CME,CME,USD,12500.0,-2,1.209149956703186,-30228.74891757965,"trend - (z nan), carry -1.0, exact -2.21",0,-2,30228.74891757965,MKT 10 min before settlement,,2026-10-08-4f741a99
1,NZD,FUT,CME,CME,USD,100000.0,1,0.5607500076293945,56075.00076293945,"trend - (z nan), carry 1.0, exact 0.6",0,1,56075.00076293945,MKT 10 min before settlement,,2026-10-08-4f741a99
1,SIC,FUT,COMEX,COMEX,USD,100.0,2,59.189998626708984,11837.999725341797,"trend 1.0 (z 0.385), carry -, exact 1.61",0,2,11837.999725341797,MKT 10 min before settlement,,2026-10-08-4f741a99
1,ZN,FUT,CBOT,CBOT,USD,1000.0,-1,104.453125,-104453.125,"trend -1.0 (z -1.736), carry -, exact -0.73",0,-1,104453.125,MKT 10 min before settlement,over 10% of NAV,2026-10-08-4f741a99
1,ZT,FUT,CBOT,CBOT,USD,2000.0,-1,101.8359375,-203671.875,"trend -1.0 (z -1.908), carry -, exact -1.29",0,-1,203671.875,MKT 10 min before settlement,over 10% of NAV,2026-10-08-4f741a99
