data,period,N,start,end,thr,thr_t,thr_tnw,calw4,calw4_t,calw4_tnw
A index+yields,their sample,6373,1997-09-10,2023-03-17,-0.40703315576089255,-3.4618290377184824,-3.578387014522776,-0.1995623807865482,-2.666960808524122,-2.802686712610408
A index+yields,their extension,695,2023-03-20,2025-12-31,0.40673682098297964,1.1426588737315417,1.0889366211910103,0.19479084595756413,1.0970594549004047,1.2830225128722543
A index+yields,1997-2025,7068,1997-09-10,2025-12-31,-0.3475516715459187,-3.0986239834006275,-3.1590713692475396,-0.17965273301795273,-2.482045193938469,-2.580194835973104
A index+yields,our hold-out,881,2023-03-20,2026-09-29,0.2646201553126139,0.8346931028935181,0.8233107698389583,0.1278396152968347,0.8682387207566246,1.064741463839286
B futures,their sample,5388,2001-09-28,2023-03-17,-0.5180148830770714,-3.9249610200896425,-3.571329158939429,-0.2592285226547642,-2.859184173409321,-2.7813933301505602
B futures,their extension,703,2023-03-20,2025-12-31,0.31720165001790285,0.8675443126568751,0.7525799996978793,0.19583329004558278,1.1060836403352445,1.352053065919558
B futures,1997-2025,6091,2001-09-28,2025-12-31,-0.45311185959597367,-3.623127043696602,-3.2407758842561347,-0.23344200884643485,-2.6797007876012215,-2.579938059042297
B futures,our hold-out,889,2023-03-20,2026-09-29,0.20134251602184852,0.6232803931546078,0.5569241105391315,0.13504748089855576,0.8922588654190884,1.136992983303476
C ETFs,their sample,4942,2003-07-31,2023-03-17,-0.5493564722792534,-4.098085177145394,-3.9333273388717034,-0.24283512226411502,-2.4482210781405267,-2.378505586303784
C ETFs,their extension,700,2023-03-20,2025-12-31,0.22743491381847858,0.6183431275839683,0.6143687865804328,0.21051136058568487,1.0980881550712511,1.3344097048222636
C ETFs,1997-2025,5642,2003-07-31,2025-12-31,-0.4881339157447228,-3.8507191989818974,-3.6741755222753034,-0.21616621679790987,-2.279711023544726,-2.193945567413198
C ETFs,our hold-out,886,2023-03-20,2026-09-29,0.13148787280454663,0.4477313224997949,0.4847287150829575,0.13490095957666842,0.8578628524408994,1.0984498371205644
