market,n_now,n_target,coverage,raw_cutoff,cutoff,lower_buffer,upper_buffer
AT,5,5,0.725,14.456,14.456,9.637,21.684
BE,12,12,0.873,8.966,8.966,5.978,13.45
CH,37,37,0.926,7.438,8.424,5.616,12.636
DE,44,44,0.936,8.422,8.424,5.616,12.636
DK,13,13,0.81,9.066,9.066,6.044,13.599
ES,20,20,0.943,9.361,9.361,6.24,14.041
FI,13,13,0.879,8.023,8.424,5.616,12.636
FR,45,45,0.937,7.88,8.424,5.616,12.636
IE,5,5,0.907,15.453,15.453,10.302,23.18
IT,22,22,0.895,8.174,8.424,5.616,12.636
NL,28,28,0.961,9.249,9.249,6.166,13.873
NO,12,12,0.64,10.515,10.515,7.01,15.772
PT,4,4,0.897,12.122,12.122,8.082,18.184
SE,34,34,0.799,8.378,8.424,5.616,12.636
UK,66,66,0.888,7.685,8.424,5.616,12.636
