symbol,payments_2027,basis,checked
TTE.PA,0.90;0.90;0.945;0.945,"Q3-26 and Q4-26 at declared 0.90; Q1-27, Q2-27 at +5% (inference)",2026-10-08
ALV.DE,18.86,MarketScreener FY26 estimate,2026-10-08
BNP.PA,2.741;3.3915,"FY26 final = 5.971 - interim 3.23; FY27 interim 3.23 x 1.05",2026-10-08
ISP.MI,0.2248;0.23604,"FY26 0.4496 split evenly; FY27 interim x 1.05",2026-10-08
BBVA.MC,0.674;0.3885,"FY26 1.044 - declared interim 0.37; FY27 interim x 1.05",2026-10-08
UCG.MI,2.0857;1.8205,"FY26 3.817 split as FY25; FY27 interim x 1.05",2026-10-08
SAN.PA,4.254,MarketScreener FY26 estimate,2026-10-08
NDA-FI.HE,0.9861;0.3502,"FY26 estimate; mid-year x 1.03",2026-10-08
IBE.MC,0.2713;0.4578,FY26 0.7291 split as FY25,2026-10-08
CS.PA,2.501,MarketScreener FY26 estimate,2026-10-08
SIE.DE,5.60,MarketScreener FY26 estimate (paid Feb 2027),2026-10-08
INGA.AS,0.902;0.42,"FY26 1.302 - interim 0.40; FY27 interim x 1.05; additional distribution left out",2026-10-08
ENEL.MI,0.2423;0.274,FY26 0.5163 split as FY25,2026-10-08
SAN.MC,0.1314;0.1269,"FY26 0.2522 split as FY25; FY27 interim x 1.05",2026-10-08
DTE.DE,1.127,MarketScreener FY26 estimate,2026-10-08
MC.PA,7.58;5.50,"FY26 13.08 - interim 5.50; FY27 interim flat",2026-10-08
