review,call,name,correct,entry,exit,beta,stock,hedged_net
MSCI May 2026,DELETE,JD SPORTS FASHION PLC,True,2026-05-08,2026-05-29,1.36,-0.1223,-0.0926
MSCI May 2026,DELETE,BARRATT REDROW PLC,True,2026-05-08,2026-05-29,1.23,-0.0042,0.0224
MSCI May 2026,DELETE,ENTAIN PLC,True,2026-05-08,2026-05-29,0.8,0.0259,0.043
MSCI May 2026,DELETE,RANDSTAD NV,True,2026-05-08,2026-05-29,0.92,-0.0313,-0.0115
MSCI May 2026,DELETE,WHITBREAD PLC,True,2026-05-08,2026-05-29,0.84,0.0255,0.0435
MSCI May 2026,DELETE,HOLMEN AB B SHARES,True,2026-05-08,2026-05-29,0.53,0.0198,0.0308
MSCI May 2026,DELETE,SALMAR ASA,False,2026-05-08,2026-05-13,0.62,-0.0273,-0.0288
MSCI May 2026,DELETE,LEG IMMOBILIEN SE,True,2026-05-08,2026-05-29,0.94,-0.0054,0.0147
MSCI May 2026,ADD,MILLICOM INTL CELLULAR S.A.,True,2026-05-08,2026-05-29,0.28,0.0613,0.0542
MSCI May 2026,ADD,NORDEX SE,False,2026-05-08,2026-05-13,0.94,-0.0223,-0.0219
MSCI May 2026,ADD,DIPLOMA PLC,False,2026-05-08,2026-05-13,1.0,-0.0381,-0.0378
MSCI Aug 2026,DELETE,SCOUT24 SE,True,2026-08-10,2026-08-31,0.42,-0.0556,-0.0625
MSCI Aug 2026,ADD,DIPLOMA PLC,True,2026-08-10,2026-08-31,0.96,-0.033,-0.0202
STOXX Sep 2026,ADD,NATIONAL BANK OF GREECE,True,2026-08-28,2026-09-18,1.29,0.0383,0.0763
STOXX Sep 2026,ADD,ENDEAVOUR MINING,True,2026-08-28,2026-09-18,1.8,-0.0198,0.0332
STOXX Sep 2026,ADD,EUROBANK SA,True,2026-08-28,2026-09-18,1.45,0.0032,0.0459
STOXX Sep 2026,ADD,PIRAEUS BANK SA,True,2026-08-28,2026-09-18,1.64,0.0083,0.0569
STOXX Sep 2026,ADD,ALPHA BANK SA,True,2026-08-28,2026-09-18,1.86,0.0337,0.0887
STOXX Sep 2026,ADD,PUBLIC POWER CORPORATION SA,True,2026-08-28,2026-09-18,0.68,0.0134,0.0332
STOXX Sep 2026,ADD,METLEN ENERGY & METALS PLC,True,2026-08-28,2026-09-18,1.02,-0.1045,-0.0746
STOXX Sep 2026,ADD,MOTOR OIL (HELLAS) CORINTH REFINER,True,2026-08-28,2026-09-18,0.0,0.1273,0.1267
STOXX Sep 2026,ADD,ROSEBANK INDUSTRIES PLC,True,2026-08-28,2026-09-18,3.0,-0.0828,0.0062
STOXX Sep 2026,ADD,GEK TERNA,True,2026-08-28,2026-09-18,0.94,-0.0804,-0.0531
STOXX Sep 2026,ADD,SOFTCAT PLC,True,2026-08-28,2026-09-18,0.39,-0.0907,-0.0798
STOXX Sep 2026,ADD,EASYJET,True,2026-08-28,2026-09-18,1.16,-0.0098,0.0243
STOXX Sep 2026,ADD,AZELIS GROUP NV,False,2026-08-28,2026-09-02,0.5,0.0049,0.0113
STOXX Sep 2026,DELETE,BAKKAFROST P/F,True,2026-08-28,2026-09-18,0.59,0.1442,0.1255
STOXX Sep 2026,DELETE,CSG CLASS A NV,False,2026-08-28,2026-09-02,1.24,0.0746,0.0561
STOXX Sep 2026,DELETE,JD SPORTS FASHION PLC,True,2026-08-28,2026-09-18,1.12,0.1497,0.1149
STOXX Sep 2026,DELETE,HOLMEN CLASS B,False,2026-08-28,2026-09-02,0.52,-0.0055,-0.0136
STOXX Sep 2026,DELETE,VISCOFAN SA,True,2026-08-28,2026-09-18,0.4,0.0508,0.0379
STOXX Sep 2026,DELETE,DERWENT LONDON REIT PLC,False,2026-08-28,2026-09-02,1.05,0.0381,0.0224
STOXX Sep 2026,DELETE,AUMOVIO SE,True,2026-08-28,2026-09-18,1.66,0.0042,-0.047
STOXX Sep 2026,DELETE,THULE GROUP AB/THE,True,2026-08-28,2026-09-18,1.3,0.0371,-0.0031
STOXX Sep 2026,DELETE,UNITE GROUP PLC,False,2026-08-28,2026-09-02,0.52,0.037,0.029
STOXX Sep 2026,DELETE,SIGNIFY NV,True,2026-08-28,2026-09-18,0.75,0.0336,0.01
STOXX Sep 2026,DELETE,BUCHER INDUSTRIES AG REG,True,2026-08-28,2026-09-18,0.61,-0.0126,-0.0319
STOXX Sep 2026,DELETE,KEMIRA OYJ,True,2026-08-28,2026-09-18,0.79,0.0378,0.013
STOXX Sep 2026,DELETE,WIHLBORGS FASTIGHETER AB,True,2026-08-28,2026-09-18,0.6,0.0576,0.0387
STOXX Sep 2026,DELETE,INPOST SA,False,2026-08-28,2026-09-02,0.64,-0.0013,-0.0111
