call,market,name,symbol,ratio,actual
DELETE,UK,JD SPORTS FASHION PLC,JD.L,0.811769863716116,True
DELETE,UK,BARRATT REDROW PLC,BTRW.L,0.8641382134525025,True
DELETE,UK,ENTAIN PLC,ENT.L,0.9039979438172921,True
DELETE,NL,RANDSTAD NV,RAND.AS,0.9818440091257543,True
DELETE,UK,WHITBREAD PLC,WTB.L,0.981896210331619,True
DELETE,SE,HOLMEN AB B SHARES,HOLM-B.ST,1.0054113113537388,True
DELETE,NO,SALMAR ASA,SALM.OL,1.0264691730427578,False
DELETE,DE,LEG IMMOBILIEN SE,LEG.DE,1.0373860815153997,True
ADD,UK,MILLICOM INTL CELLULAR S.A.,TIGO,1.1328651152798175,True
ADD,DE,NORDEX SE,NDX1.DE,1.0786731972604162,False
ADD,UK,DIPLOMA PLC,DPLM.L,0.9981555198628304,False
