call,name,isin,symbol,rank_aug,actual
ADD,NATIONAL BANK OF GREECE,GRS003003035,,203,True
ADD,ENDEAVOUR MINING,GB00BL6K5J42,EDV.L,221,True
ADD,EUROBANK SA,GRS829003003,,238,True
ADD,PIRAEUS BANK SA,GRS831003009,,246,True
ADD,ALPHA BANK SA,GRS830003000,,324,True
ADD,PUBLIC POWER CORPORATION SA,GRS434003000,,330,True
ADD,METLEN ENERGY & METALS PLC,GB00BTQGS779,MTLN.L,401,True
ADD,MOTOR OIL (HELLAS) CORINTH REFINER,GRS426003000,,430,True
ADD,ROSEBANK INDUSTRIES PLC,JE00BSBJ5M88,ROSE.L,476,True
ADD,GEK TERNA,GRS145003000,,489,True
ADD,SOFTCAT PLC,GB00BYZDVK82,SCT.L,512,True
ADD,EASYJET,GB00B7KR2P84,EZJ.L,535,True
ADD,AZELIS GROUP NV,BE0974400328,AZE.BR,548,False
DELETE,BAKKAFROST P/F,FO0000000179,BAKKA.OL,624,True
DELETE,CSG CLASS A NV,NL0015073TS8,,632,False
DELETE,JD SPORTS FASHION PLC,GB00BM8Q5M07,JD.L,634,True
DELETE,HOLMEN CLASS B,SE0011090018,HOLM-B.ST,635,False
DELETE,VISCOFAN SA,ES0184262212,VIS.MC,637,True
DELETE,DERWENT LONDON REIT PLC,GB0002652740,,641,False
DELETE,AUMOVIO SE,DE000AUM0V10,AMV0.DE,642,True
DELETE,THULE GROUP AB/THE,SE0006422390,THULE.ST,643,True
DELETE,UNITE GROUP PLC,GB0006928617,,645,False
DELETE,SIGNIFY NV,NL0011821392,LIGHT.AS,647,True
DELETE,BUCHER INDUSTRIES AG REG,CH0002432174,BUCN.SW,651,True
DELETE,KEMIRA OYJ,FI0009004824,KEMIRA.HE,655,True
DELETE,WIHLBORGS FASTIGHETER AB,SE0018012635,WIHL.ST,667,True
DELETE,INPOST SA,LU2290522684,,1019,False
