index,company,ticker,sector
FTSE 250,Big Yellow Group,BYG.L,Real Estate Investment Trusts
FTSE 100/250,British Land,BLND.L,Real Estate Investment Trusts (added manually)
FTSE 250,Derwent London,DLN.L,Real Estate Investment Trusts
FTSE 250,Grainger,GRI.L,Real Estate Investment Trusts
FTSE 250,Great Portland Estates,GPE.L,Real Estate Investment Trusts
FTSE 250,Hammerson,HMSO.L,Real Estate Investment Trusts
FTSE 100,Land Securities,LAND.L,Real Estate Investment Trusts
FTSE 100,LondonMetric Property,LMP.L,Real Estate Investment Trusts
FTSE 250,Primary Health Properties,PHP.L,Real Estate Investment Trusts
FTSE 250,Safestore,SAFE.L,Real Estate Investment Trusts
FTSE 100,Segro,SGRO.L,Real Estate Investment Trusts
FTSE 250,Shaftesbury Capital,SHC.L,Real Estate Investment Trusts
FTSE 250,Supermarket Income REIT,SUPR.L,Real Estate Investment Trusts
FTSE 250,Target Healthcare REIT,THRL.L,Real Estate Investment Trusts
FTSE 100,Tritax Big Box REIT,BBOX.L,Real Estate Investment Trusts
FTSE 250,Unite Group,UTG.L,Real Estate Investment Trusts
FTSE 250,Workspace Group,WKP.L,Real Estate Investment Trusts
