market,use,found,tried,exchange,currency,multiplier,min_tick,local_symbol,expiry,order_types,price,notional_usd,ann_vol,risk_per_contract,target_risk,exact_contracts,contracts,sizing_error,verdict
S&P 500,trend,MES,MES,CME,USD,5.0,0.25,MESZ6,20261218,"ACTIVETIM,AD,ADJUST,ALERT,ALGO,ALLOC,AVGCOST,BASKET,BENCHPX,COND,CONDORDER,DAY,DEACT,DEACTDIS,DEACTEOD,GAT,GTC,GTD,GTT,H",7874.25,39371,0.1197,4715,3307.0,0.7,1.0,43%,TRADED
Nasdaq-100,trend,MNQ,MNQ,CME,USD,2.0,0.25,MNQZ6,20261218,"ACTIVETIM,AD,ADJUST,ALERT,ALGO,ALLOC,AVGCOST,BASKET,BENCHPX,COND,CONDORDER,DAY,DEACT,DEACTDIS,DEACTEOD,GAT,GTC,GTD,GTT,H",31482.75,62966,0.2103,13241,3307.0,0.25,0.0,100%,LEFT OUT (under half a contract)
2y Treasury,trend,ZT,ZT,CBOT,USD,2000.0,0.00390625,ZTZ6,20261231,"ACTIVETIM,AD,ADJUST,ALERT,ALGO,ALLOC,AVGCOST,BASKET,BENCHPX,COND,CONDORDER,DAY,DEACT,DEACTDIS,DEACTEOD,GAT,GTC,GTD,GTT,H",101.8203125,203641,0.0141,2863,3307.0,1.16,1.0,13%,TRADED
10y Treasury,trend,ZN,ZN,CBOT,USD,1000.0,0.015625,ZNZ6,20261221,"ACTIVETIM,AD,ADJUST,ALERT,ALGO,ALLOC,AVGCOST,BASKET,BENCHPX,COND,CONDORDER,DAY,DEACT,DEACTDIS,DEACTEOD,GAT,GTC,GTD,GTT,H",104.4375,104438,0.0448,4678,3307.0,0.71,1.0,41%,TRADED
30y Treasury,trend,ZB,ZB,CBOT,USD,1000.0,0.03125,ZBZ6,20261221,"ACTIVETIM,AD,ADJUST,ALERT,ALGO,ALLOC,AVGCOST,BASKET,BENCHPX,COND,CONDORDER,DAY,DEACT,DEACTDIS,DEACTEOD,GAT,GTC,GTD,GTT,H",102.40625,102406,0.0824,8438,3307.0,0.39,0.0,100%,LEFT OUT (under half a contract)
WTI crude,trend,MCL,"MCL, CL",NYMEX,USD,100.0,0.01,MCLX6,20261019,"ACTIVETIM,AD,ADJUST,ALERT,ALGO,ALLOC,AVGCOST,BASKET,BENCHPX,COND,CONDORDER,DAY,DEACT,DEACTDIS,DEACTEOD,GAT,GTC,GTD,GTT,H",89.8,8980,0.3966,3562,3307.0,0.93,1.0,8%,TRADED
Natural gas,trend,MHNG,"MHNG, QG, NG",NYMEX,USD,1000.0,0.001,MNGX6,20261027,"ACTIVETIM,AD,ADJUST,ALERT,ALGO,ALLOC,AVGCOST,BASKET,BENCHPX,COND,CONDORDER,DAY,DEACT,DEACTDIS,DEACTEOD,GAT,GTC,GTD,GTT,H",3.118,3118,0.3033,946,3307.0,3.5,3.0,14%,TRADED
Gold,trend,MGC,"MGC, GC",COMEX,USD,10.0,0.1,MGCZ6,20261229,"ACTIVETIM,AD,ADJUST,ALERT,ALGO,ALLOC,AVGCOST,BASKET,BENCHPX,COND,CONDORDER,DAY,DEACT,DEACTDIS,DEACTEOD,GAT,GTC,GTD,GTT,H",4197.0,41970,0.2267,9516,3307.0,0.35,0.0,100%,LEFT OUT (under half a contract)
Silver,trend,SIC,"SIC, QI, SI",COMEX,USD,100.0,0.01,SICZ6,20261125,"ACTIVETIM,AD,ADJUST,ALERT,ALGO,ALLOC,AVGCOST,BASKET,BENCHPX,COND,CONDORDER,DAY,DEACT,DEACTDIS,DEACTEOD,GAT,GTC,GTD,GTT,H",61.78,6178,0.4429,2736,3307.0,1.21,1.0,17%,TRADED
Copper,trend,MHG,"MHG, HG",COMEX,USD,2500.0,0.0005,MHGZ6,20261125,"ACTIVETIM,AD,ADJUST,ALERT,ALGO,ALLOC,AVGCOST,BASKET,BENCHPX,COND,CONDORDER,DAY,DEACT,DEACTDIS,DEACTEOD,GAT,GTC,GTD,GTT,H",6.66,16650,0.2403,4002,3307.0,0.83,1.0,21%,TRADED
Euro,trend+carry,M6E,"M6E, EUR",CME,USD,12500.0,0.0001,M6EZ6,20261214,"ACTIVETIM,AD,ADJUST,ALERT,ALGO,ALLOC,AVGCOST,BASKET,BENCHPX,COND,CONDORDER,DAY,DEACT,DEACTDIS,DEACTEOD,GAT,GTC,GTD,GTT,H",1.1291,14114,0.0476,672,3307.0,4.92,5.0,2%,TRADED
Yen,trend+carry,MJY,"MJY, JPY",CME,USD,1250000.0,1e-06,MJYZ6,20261214,"ACTIVETIM,AD,ADJUST,ALERT,ALGO,ALLOC,AVGCOST,BASKET,BENCHPX,COND,CONDORDER,DAY,DEACT,DEACTDIS,DEACTEOD,GAT,GTC,GTD,GTT,H",0.006357,7946,0.0949,754,3307.0,4.39,4.0,9%,TRADED
Pound,trend+carry,M6B,"M6B, GBP",CME,USD,6250.0,0.0001,M6BZ6,20261214,"ACTIVETIM,AD,ADJUST,ALERT,ALGO,ALLOC,AVGCOST,BASKET,BENCHPX,COND,CONDORDER,DAY,DEACT,DEACTDIS,DEACTEOD,GAT,GTC,GTD,GTT,H",1.3277,8298,0.0556,461,3307.0,7.17,7.0,2%,TRADED
Australian dollar,trend+carry,M6A,"M6A, AUD",CME,USD,10000.0,0.0001,M6AZ6,20261214,"ACTIVETIM,AD,ADJUST,ALERT,ALGO,ALLOC,AVGCOST,BASKET,BENCHPX,COND,CONDORDER,DAY,DEACT,DEACTDIS,DEACTEOD,GAT,GTC,GTD,GTT,H",0.6976,6976,0.0641,447,3307.0,7.4,7.0,5%,TRADED
Canadian dollar,trend+carry,MCD,"MCD, CAD",CME,USD,10000.0,0.0001,MCDZ6,20261215,"ACTIVETIM,AD,ADJUST,ALERT,ALGO,ALLOC,AVGCOST,BASKET,BENCHPX,COND,CONDORDER,DAY,DEACT,DEACTDIS,DEACTEOD,GAT,GTC,GTD,GTT,H",0.706,7060,0.0435,307,3307.0,10.77,11.0,2%,TRADED
Swiss franc,carry,MSF,"MSF, CHF",CME,USD,12500.0,0.0001,MSFZ6,20261214,"ACTIVETIM,AD,ADJUST,ALERT,ALGO,ALLOC,AVGCOST,BASKET,BENCHPX,COND,CONDORDER,DAY,DEACT,DEACTDIS,DEACTEOD,GAT,GTC,GTD,GTT,H",1.212,15150,0.0693,1050,2500.0,2.38,2.0,16%,TRADED
New Zealand dollar,carry,NZD,NZD,CME,USD,100000.0,5e-05,6NZ6,20261214,"ACTIVETIM,AD,ADJUST,ALERT,ALGO,ALLOC,AVGCOST,BASKET,BENCHPX,COND,CONDORDER,DAY,DEACT,DEACTDIS,DEACTEOD,GAT,GTC,GTD,GTT,H",0.56355,56355,0.0808,4553,2500.0,0.55,1.0,82%,TRADED
Mini VIX,volatility,VXM,VXM,CFE,USD,100.0,0.01,VXMV6,20261021,"ACTIVETIM,AD,ADJUST,ALERT,ALGO,ALLOC,AVGCOST,BASKET,BENCHPX,COND,CONDORDER,DAY,DEACT,DEACTDIS,DEACTEOD,GAT,GTC,GTD,GTT,H",17.07,1707,0.2854,487,,,2.0,,OK
STOXX Europe 600,hedge,DJ600,DJ600,EUREX,EUR,50.0,0.1,FXXP 20261218 M,20261218,"ACTIVETIM,AD,ADJUST,ALERT,ALGO,ALLOC,AVGCOST,BASKET,BENCHPX,COND,CONDORDER,DAY,DEACT,DEACTDIS,DEACTEOD,GAT,GTC,GTD,GTT,H",637.0,35871,0.117,4197,,,,,hedge: size set by the equity pods
Hang Seng (mini),hedge,MHI,"MHI, HSI",HKFE,HKD,10.0,1.0,MHIV6,20261029,"ACTIVETIM,AD,ADJUST,ALERT,ALGO,ALLOC,AVGCOST,BASKET,BENCHPX,COND,CONDORDER,DAY,DEACT,DEACTDIS,DEACTEOD,GAT,GTC,GTD,GTT,H",24254.0,30909,0.1603,4955,,,,,hedge: size set by the equity pods
